label,mean_dice,mean_hausdorff_distance,mean_jaccard,stdev_dice,stdev_hausdorff_distance,stdev_jaccard
1,0.08182678885599938,91.11515895932509,0.04898406594736341,0.13879275324188192,74.88952931431984,0.08759031550199216
2,0.4003469424023249,54.95028947435672,0.28422126515521207,0.2613668720610881,38.13067590936581,0.20937963776850552
3,0.16266955634310729,69.97788055001382,0.09557642315860368,0.14283440364290276,63.139634740053005,0.09110197359270956
