label,mean_dice,mean_hausdorff_distance,mean_jaccard,stdev_dice,stdev_hausdorff_distance,stdev_jaccard
1,0.2891240024983698,60.42785388347046,0.19026459977274454,0.22472029812337663,28.79341386384212,0.16286855841167233
2,0.543735001622445,85.266258395598,0.38516804988878406,0.13749918457500265,32.724181819670285,0.12587091477858642
3,0.13541998991935095,56.51817663634361,0.07563264699510039,0.09799338287970284,29.647454726705107,0.05725440901622994
